"","x"
"1","AQP3"
"2","ENSG00000286502"
"3","HK2"
"4","FOS"
"5","CGA"
"6","TNC"
"7","MYH11"
"8","COL12A1"
"9","UTS2"
"10","TNFRSF9"
"11","HTN1"
"12","GPR3"
"13","GABRR1"
"14","UTS2B"
"15","NR4A1"
"16","VGF"
"17","BDNF"
"18","TH"
"19","APOA4"
"20","STAC2"
"21","ADCYAP1"
"22","ADAMTS9"
"23","CARTPT"
"24","GABRR2"
"25","CD28"
"26","ENSG00000285901"
"27","GNL3LP1"
"28","MFGE8"
"29","LGALS3"
"30","MAFF"
"31","CD1D"
"32","RHBDL3"
"33","ALDOC"
"34","KLHL30"
"35","GJD3"
"36","SLC16A3"
"37","MFSD2A"
"38","GNG4"
"39","GPAT3"
"40","COPZ2"
"41","CD36"
"42","TNNI1"
"43","SCG2"
"44","CRABP2"
"45","STC1"
"46","IL18R1"
"47","ENSG00000286329"
"48","HRC"
"49","IGFBP3"
"50","HAR1A"
"51","CEBPD"
"52","NMRK2"
"53","C1QL2"
"54","ODAPH"
"55","SEMA3D"
"56","NPTX1"
"57","CCK"
"58","BHLHE40"
"59","LDHA"
"60","ENSG00000257337"
"61","PCSK1"
"62","ETV4"
"63","TNNI3K"
"64","OPN3"
"65","REM2"
"66","LMCD1"
"67","GAL"
"68","PRLHR"
"69","LGALS1"
"70","SLC22A18"
"71","ENSG00000258130"
"72","CXCR4"
"73","DUSP4"
"74","MYH7"
"75","POU5F1B"
"76","MYADML2"
"77","STEAP3"
"78","S100A6"
"79","ID1"
"80","NR1H3"
"81","ECM1"
"82","ACE"
"83","ALOX5"
"84","NOG"
"85","A2M"
"86","UBE2J1"
"87","GNB4"
"88","FEV"
"89","C16orf86"
"90","ACAT2"
"91","CBLN3"
"92","ASIC2"
"93","RTL1"
"94","ANXA2"
"95","GPR37"
"96","DHCR24"
"97","PCAT1"
"98","KCNS1"
"99","HABP4"
"100","MANF"
"101","ADGRG2"
"102","BATF2"
"103","HDAC9"
"104","LRRC39"
"105","PEBP4"
"106","RELB"
"107","PTPRN"
"108","BDH1"
"109","ENSG00000261762"
"110","KRT8"
"111","HHATL"
"112","HR"
"113","SLC7A8"
"114","C1orf54"
"115","YBX2"
"116","LYNX1"
"117","SCD"
"118","PLK3"
"119","TENT5A"
"120","LRP10"
"121","IGFBP4"
"122","CRLF2"
"123","FKBP2"
"124","FAM182B"
"125","LAYN"
"126","APOLD1"
"127","C11orf96"
"128","CPXM2"
"129","ANXA11"
"130","SYT12"
"131","LCN12"
"132","ADRA1B"
"133","FEZF1-AS1"
"134","TYRO3"
"135","PC"
"136","CCN2"
"137","CD99"
"138","RARA"
"139","SYTL5"
"140","PIWIL2"
"141","FAM182A"
"142","SPON1"
"143","MAP3K14-AS1"
"144","MLPH"
"145","INPP4B"
"146","RBP4"
"147","ANGPT4"
"148","ENSG00000271741"
"149","PMP22"
"150","CLU"
"151","STARD4"
"152","CLIC1"
"153","PAM"
"154","MFSD3"
"155","LDLR"
"156","THCAT155"
"157","EGFL7"
"158","ATG16L2"
"159","HCRTR1"
"160","FAM114A1"
"161","ATP1B2"
"162","CALY"
"163","PLPP3"
"164","TUBB6"
"165","POPDC3"
"166","MDK"
"167","ANKRD34A"
"168","CKMT1B"
"169","KCNN2"
"170","GUCY1B1"
"171","THY1"
"172","GOLT1A"
"173","RAMP2"
"174","LRTM2"
"175","RNF212"
"176","AIRE"
"177","CPLX1"
"178","EPHA2"
"179","CAMK2N1"
"180","MTLN"
"181","TRIM47"
"182","KCNH8"
"183","PARP4"
"184","CLEC2L"
"185","TBX2"
"186","PROCA1"
"187","GALR1"
"188","LY6E"
"189","ACHE"
"190","HSP90B1"
"191","ECEL1"
"192","NPPC"
"193","SIK1B"
"194","NIPAL1"
"195","COMMD8"
"196","TUNAR"
"197","OSBPL3"
"198","LENG9"
"199","MPC1"
"200","LAMB1"
"201","DGKK"
"202","CD55"
"203","NEFH"
"204","PRKN"
"205","TGFB1"
"206","RARG"
"207","NOTCH2NLC"
"208","FABP3"
"209","NGB"
"210","RPL39L"
"211","PTX3"
"212","TMC6"
"213","FAHD2CP"
"214","PTP4A3"
"215","DUSP5"
"216","ENO1"
"217","ITGA4"
"218","HSD17B12"
"219","TUBA1B"
"220","SHC4"
"221","MTFR1"
"222","KIF17"
"223","RAMP1"
"224","CALCRL"
"225","CSRNP1"
"226","MYADM"
"227","BEND6"
"228","TUBA4A"
"229","FAHD2B"
"230","IGFBP2"
"231","CHRNA3"
"232","ARPC1B"
"233","RASGEF1A"
"234","IDH3A"
"235","TPD52L1"
"236","SH3BGRL3"
"237","P2RX6"
"238","HPRT1"
"239","EML2"
"240","EFHD2"
"241","HMGCS1"
"242","PDIA4"
"243","LDHAP4"
"244","TUBB4B"
"245","CHCHD10"
"246","PLGRKT"
"247","DDN"
"248","DYNLT3"
"249","SYT2"
"250","SFRP1"
"251","ENSG00000235609"
"252","CHSY3"
"253","SLC6A2"
"254","LRRC73"
"255","MAK16"
"256","HSPB8"
"257","PHOX2A"
"258","TRHDE"
"259","ATG9B"
"260","DGKG"
"261","ENSG00000264058"
"262","SHKBP1"
"263","RAB4B"
"264","CYSTM1"
"265","FNDC11"
"266","NBL1"
"267","ALDOA"
"268","SPRY4"
"269","RASGRP1"
"270","PLOD2"
"271","E2F5"
"272","CRELD1"
"273","GBE1"
"274","GABRA5"
"275","CDR2"
"276","ENSG00000285601"
"277","TIGAR"
"278","TNFAIP8L3"
"279","SPSB4"
"280","PRR4"
"281","LONRF1"
"282","MYOZ3"
"283","TMEM141"
"284","CCDC113"
"285","CDH23"
"286","HSPA5"
"287","SUMF2"
"288","FAM162A"
"289","ACOT13"
"290","AK5"
"291","ASL"
"292","RASEF"
"293","RFTN1"
"294","PINX1"
"295","HOXD1"
"296","WAS"
"297","S100A10"
"298","CPLX2"
"299","ENTPD3"
"300","CRELD2"
"301","INAFM1"
"302","LINC01844"
"303","SLC25A15"
"304","MCTP1"
"305","ENSG00000283886"
"306","PAPPA2"
"307","GEM"
"308","HSPB1"
"309","TRIM65"
"310","ANKRD9"
"311","RELL2"
"312","ATP13A2"
"313","FADS1"
"314","CALR"
"315","TPK1"
"316","ZBBX"
"317","CFAP221"
"318","HTATIP2"
"319","RBBP8"
"320","TRAPPC9"
"321","FAM163A"
"322","HYOU1"
"323","FNDC10"
"324","HSPA4L"
"325","TMEM191A"
"326","PNMA8B"
"327","CCDC184"
"328","VEGFA"
"329","PTGFR"
"330","PPP1R35"
"331","SHISA4"
"332","GSTP1"
"333","SORCS1"
"334","MAOA"
"335","SLC2A1"
"336","BOLA3"
"337","NCALD"
"338","SLC25A33"
"339","NGEF"
"340","IDI1"
"341","CD63"
"342","PCOLCE"
"343","INHA"
"344","PALM3"
"345","PLCG2"
"346","TMEM50B"
"347","TIMP1"
"348","SV2C"
"349","VSNL1"
"350","RPA3"
"351","BOLA2"
"352","OXNAD1"
"353","C11orf87"
"354","ATP1B1"
"355","MXRA8"
"356","TAC1"
"357","ARG2"
"358","TAGLN2"
"359","CCDC78"
"360","ATP1B3"
"361","WNT10B"
"362","MADCAM1"
"363","KCTD8"
"364","TTYH1"
"365","TTF2"
"366","SEMA3E"
